Date,Price,Open,High,Low,Vol.,Change %
11/21/2024,914.00,914.00,914.00,914.00,,0.00
11/20/2024,915.00,915.00,915.00,915.00,,-0.01
11/19/2024,924.00,924.00,924.00,924.00,,0.02
11/18/2024,907.00,907.00,907.00,907.00,,0.02
11/15/2024,890.00,890.00,890.00,890.00,,0.00
11/14/2024,889.00,889.00,889.00,889.00,,0.00
11/13/2024,889.00,889.00,889.00,889.00,,-0.01
11/12/2024,902.00,902.00,902.00,902.00,,-0.01
11/11/2024,910.00,910.00,910.00,910.00,,0.00
11/8/2024,913.00,913.00,913.00,913.00,,-0.01
11/7/2024,922.00,922.00,922.00,922.00,,-0.01
11/6/2024,931.00,931.00,931.00,931.00,,-0.01
11/5/2024,944.00,944.00,944.00,944.00,,-0.01
11/4/2024,950.00,950.00,950.00,950.00,,-0.01
11/1/2024,957.00,957.00,957.00,957.00,,-0.01
10/31/2024,966.00,966.00,966.00,966.00,,-0.01
10/30/2024,971.00,971.00,971.00,971.00,,-0.02
10/29/2024,992.00,992.00,992.00,992.00,,-0.02
10/28/2024,1013.00,1013.00,1013.00,1013.00,,-0.02
10/25/2024,1036.00,1036.00,1036.00,1036.00,,0.00
10/24/2024,1041.00,1041.00,1041.00,1041.00,,0.00
10/23/2024,1044.00,1044.00,1044.00,1044.00,,-0.01
10/22/2024,1054.00,1054.00,1054.00,1054.00,,0.01
10/21/2024,1044.00,1044.00,1044.00,1044.00,,0.00
10/18/2024,1043.00,1043.00,1043.00,1043.00,,0.01
10/17/2024,1037.00,1037.00,1037.00,1037.00,,0.00
10/16/2024,1036.00,1036.00,1036.00,1036.00,,0.00
10/15/2024,1039.00,1039.00,1039.00,1039.00,,0.00
10/14/2024,1038.00,1038.00,1038.00,1038.00,,0.00
10/11/2024,1036.00,1036.00,1036.00,1036.00,,0.00
10/10/2024,1038.00,1038.00,1038.00,1038.00,,0.01
10/9/2024,1024.00,1024.00,1024.00,1024.00,,-0.02
10/8/2024,1040.00,1040.00,1040.00,1040.00,,-0.02
10/7/2024,1058.00,1058.00,1058.00,1058.00,,0.00
10/4/2024,1060.00,1060.00,1060.00,1060.00,,0.02
10/3/2024,1039.00,1039.00,1039.00,1039.00,,0.09
10/2/2024,951.00,951.00,951.00,951.00,,0.10
10/1/2024,867.00,867.00,867.00,867.00,,0.00
9/30/2024,863.00,863.00,863.00,863.00,,0.00
9/27/2024,862.00,862.00,862.00,862.00,,0.00
9/26/2024,860.00,860.00,860.00,860.00,,-0.01
9/25/2024,865.00,865.00,865.00,865.00,,-0.01
9/24/2024,876.00,876.00,876.00,876.00,,-0.01
9/23/2024,888.00,888.00,888.00,888.00,,-0.01
9/20/2024,894.00,894.00,894.00,894.00,,0.00
9/19/2024,897.00,897.00,897.00,897.00,,0.01
9/18/2024,889.00,889.00,889.00,889.00,,0.00
9/17/2024,888.00,888.00,888.00,888.00,,0.01
9/16/2024,882.00,882.00,882.00,882.00,,0.00
9/13/2024,883.00,883.00,883.00,883.00,,0.00
9/12/2024,883.00,883.00,883.00,883.00,,0.00
9/11/2024,885.00,885.00,885.00,885.00,,0.00
9/10/2024,885.00,885.00,885.00,885.00,,0.01
9/9/2024,880.00,880.00,880.00,880.00,,0.01
9/6/2024,870.00,870.00,870.00,870.00,,0.00
9/5/2024,866.00,866.00,866.00,866.00,,0.00
9/4/2024,864.00,864.00,864.00,864.00,,0.00
9/3/2024,868.00,868.00,868.00,868.00,,0.00
9/2/2024,872.00,872.00,872.00,872.00,,-0.01
8/30/2024,881.00,881.00,881.00,881.00,,0.00
8/29/2024,884.00,884.00,884.00,884.00,,-0.01
8/28/2024,897.00,897.00,897.00,897.00,,-0.02
8/27/2024,911.00,911.00,911.00,911.00,,-0.01
8/23/2024,920.00,920.00,920.00,920.00,,-0.01
8/22/2024,925.00,925.00,925.00,925.00,,-0.01
8/21/2024,939.00,939.00,939.00,939.00,,0.00
8/20/2024,943.00,943.00,943.00,943.00,,0.00
8/19/2024,940.00,940.00,940.00,940.00,,0.00
8/16/2024,936.00,936.00,936.00,936.00,,0.01
8/15/2024,928.00,928.00,928.00,928.00,,0.03
8/14/2024,903.00,903.00,903.00,903.00,,0.00
8/13/2024,904.00,904.00,904.00,904.00,,-0.01
8/12/2024,915.00,915.00,915.00,915.00,,-0.01
8/9/2024,922.00,922.00,922.00,922.00,,-0.01
8/8/2024,927.00,927.00,927.00,927.00,,0.00
8/7/2024,930.00,930.00,930.00,930.00,,-0.01
8/6/2024,935.00,935.00,935.00,935.00,,-0.01
8/5/2024,940.00,940.00,940.00,940.00,,-0.01
8/2/2024,952.00,952.00,952.00,952.00,,-0.01
8/1/2024,960.00,960.00,960.00,960.00,,-0.01
7/31/2024,972.00,972.00,972.00,972.00,,-0.03
7/30/2024,1003.00,1003.00,1003.00,1003.00,,-0.01
7/29/2024,1017.00,1017.00,1017.00,1017.00,,-0.01
7/26/2024,1023.00,1023.00,1023.00,1023.00,,-0.01
7/25/2024,1036.00,1036.00,1036.00,1036.00,,-0.01
7/24/2024,1044.00,1044.00,1044.00,1044.00,,-0.01
7/23/2024,1055.00,1055.00,1055.00,1055.00,,0.00
7/22/2024,1054.00,1054.00,1054.00,1054.00,,0.00
7/19/2024,1056.00,1056.00,1056.00,1056.00,,0.01
7/18/2024,1044.00,1044.00,1044.00,1044.00,,0.00
7/17/2024,1046.00,1046.00,1046.00,1046.00,,-0.01
7/16/2024,1054.00,1054.00,1054.00,1054.00,,0.00
7/15/2024,1057.00,1057.00,1057.00,1057.00,,-0.01
7/12/2024,1064.00,1064.00,1064.00,1064.00,,0.00
7/11/2024,1062.00,1062.00,1062.00,1062.00,,0.00
7/10/2024,1059.00,1059.00,1059.00,1059.00,,0.00
7/9/2024,1064.00,1064.00,1064.00,1064.00,,-0.01
7/8/2024,1078.00,1078.00,1078.00,1078.00,,-0.02
7/5/2024,1102.00,1102.00,1102.00,1102.00,,-0.01
7/4/2024,1108.00,1108.00,1108.00,1108.00,,-0.01
7/3/2024,1121.00,1121.00,1121.00,1121.00,,-0.01
7/2/2024,1127.00,1127.00,1127.00,1127.00,,-0.01
7/1/2024,1142.00,1142.00,1142.00,1142.00,,-0.01
6/28/2024,1150.00,1150.00,1150.00,1150.00,,-0.01
6/27/2024,1161.00,1161.00,1161.00,1161.00,,-0.01
6/26/2024,1177.00,1177.00,1177.00,1177.00,,0.00
6/25/2024,1181.00,1181.00,1181.00,1181.00,,-0.01
6/24/2024,1190.00,1190.00,1190.00,1190.00,,-0.01
6/21/2024,1205.00,1205.00,1205.00,1205.00,,-0.01
6/20/2024,1218.00,1218.00,1218.00,1218.00,,0.00
6/19/2024,1224.00,1224.00,1224.00,1224.00,,0.00
6/18/2024,1226.00,1226.00,1226.00,1226.00,,0.00
6/17/2024,1231.00,1231.00,1231.00,1231.00,,-0.01
6/14/2024,1240.00,1240.00,1240.00,1240.00,,-0.01
6/13/2024,1253.00,1253.00,1253.00,1253.00,,-0.01
6/12/2024,1267.00,1267.00,1267.00,1267.00,,0.00
6/11/2024,1265.00,1265.00,1265.00,1265.00,,0.00
6/10/2024,1266.00,1266.00,1266.00,1266.00,,0.00
6/7/2024,1267.00,1267.00,1267.00,1267.00,,0.02
6/6/2024,1246.00,1246.00,1246.00,1246.00,,0.00
6/5/2024,1251.00,1251.00,1251.00,1251.00,,0.01
6/4/2024,1238.00,1238.00,1238.00,1238.00,,0.00
6/3/2024,1237.00,1237.00,1237.00,1237.00,,0.00
5/31/2024,1241.00,1241.00,1241.00,1241.00,,0.01
5/30/2024,1234.00,1234.00,1234.00,1234.00,,0.00
5/29/2024,1232.00,1232.00,1232.00,1232.00,,-0.01
5/28/2024,1240.00,1240.00,1240.00,1240.00,,0.00
5/24/2024,1234.00,1234.00,1234.00,1234.00,,0.00
5/23/2024,1231.00,1231.00,1231.00,1231.00,,0.00
5/22/2024,1236.00,1236.00,1236.00,1236.00,,0.00
5/21/2024,1234.00,1234.00,1234.00,1234.00,,0.02
5/20/2024,1205.00,1205.00,1205.00,1205.00,,0.01
5/17/2024,1195.00,1195.00,1195.00,1195.00,,0.01
5/16/2024,1178.00,1178.00,1178.00,1178.00,,0.02
5/15/2024,1153.00,1153.00,1153.00,1153.00,,0.00
5/14/2024,1150.00,1150.00,1150.00,1150.00,,0.00
5/13/2024,1150.00,1150.00,1150.00,1150.00,,0.00
5/10/2024,1155.00,1155.00,1155.00,1155.00,,0.01
5/9/2024,1148.00,1148.00,1148.00,1148.00,,0.01
5/8/2024,1139.00,1139.00,1139.00,1139.00,,0.01
5/7/2024,1129.00,1129.00,1129.00,1129.00,,0.01
5/3/2024,1122.00,1122.00,1122.00,1122.00,,0.01
5/2/2024,1113.00,1113.00,1113.00,1113.00,,0.00
5/1/2024,1117.00,1117.00,1117.00,1117.00,,-0.01
4/30/2024,1123.00,1123.00,1123.00,1123.00,,0.00
4/29/2024,1120.00,1120.00,1120.00,1120.00,,0.01
4/26/2024,1112.00,1112.00,1112.00,1112.00,,0.01
4/25/2024,1100.00,1100.00,1100.00,1100.00,,0.00
4/24/2024,1096.00,1096.00,1096.00,1096.00,,0.01
4/23/2024,1088.00,1088.00,1088.00,1088.00,,-0.02
4/22/2024,1108.00,1108.00,1108.00,1108.00,,-0.01
4/19/2024,1114.00,1114.00,1114.00,1114.00,,-0.01
4/18/2024,1128.00,1128.00,1128.00,1128.00,,-0.01
4/17/2024,1134.00,1134.00,1134.00,1134.00,,-0.03
4/16/2024,1173.00,1173.00,1173.00,1173.00,,-0.02
4/15/2024,1194.00,1194.00,1194.00,1194.00,,-0.01
4/12/2024,1202.00,1202.00,1202.00,1202.00,,0.00
4/11/2024,1205.00,1205.00,1205.00,1205.00,,0.01
4/10/2024,1195.00,1195.00,1195.00,1195.00,,0.03
4/9/2024,1165.00,1165.00,1165.00,1165.00,,0.05
4/8/2024,1114.00,1114.00,1114.00,1114.00,,-0.01
4/5/2024,1122.00,1122.00,1122.00,1122.00,,0.00
4/4/2024,1127.00,1127.00,1127.00,1127.00,,0.00
4/3/2024,1123.00,1123.00,1123.00,1123.00,,-0.01
4/2/2024,1129.00,1129.00,1129.00,1129.00,,-0.01
3/28/2024,1137.00,1137.00,1137.00,1137.00,,0.00
3/27/2024,1141.00,1141.00,1141.00,1141.00,,-0.01
3/26/2024,1154.00,1154.00,1154.00,1154.00,,0.00
3/25/2024,1159.00,1159.00,1159.00,1159.00,,0.00
3/22/2024,1161.00,1161.00,1161.00,1161.00,,-0.01
3/21/2024,1173.00,1173.00,1173.00,1173.00,,-0.02
3/20/2024,1193.00,1193.00,1193.00,1193.00,,-0.01
3/19/2024,1205.00,1205.00,1205.00,1205.00,,-0.01
3/18/2024,1212.00,1212.00,1212.00,1212.00,,0.01
3/15/2024,1202.00,1202.00,1202.00,1202.00,,0.00
3/14/2024,1197.00,1197.00,1197.00,1197.00,,0.00
3/13/2024,1198.00,1198.00,1198.00,1198.00,,0.01
3/12/2024,1189.00,1189.00,1189.00,1189.00,,0.00
3/11/2024,1189.00,1189.00,1189.00,1189.00,,0.00
3/8/2024,1186.00,1186.00,1186.00,1186.00,,0.00
3/7/2024,1188.00,1188.00,1188.00,1188.00,,0.00
3/6/2024,1192.00,1192.00,1192.00,1192.00,,0.00
3/5/2024,1190.00,1190.00,1190.00,1190.00,,0.04
3/4/2024,1145.00,1145.00,1145.00,1145.00,,0.00
3/1/2024,1142.00,1142.00,1142.00,1142.00,,0.00
2/29/2024,1145.00,1145.00,1145.00,1145.00,,-0.01
2/28/2024,1156.00,1156.00,1156.00,1156.00,,-0.02
2/27/2024,1180.00,1180.00,1180.00,1180.00,,-0.01
2/26/2024,1191.00,1191.00,1191.00,1191.00,,-0.01
2/23/2024,1209.00,1209.00,1209.00,1209.00,,-0.02
2/22/2024,1237.00,1237.00,1237.00,1237.00,,-0.04
2/21/2024,1286.00,1286.00,1286.00,1286.00,,-0.03
2/20/2024,1324.00,1324.00,1324.00,1324.00,,-0.01
2/19/2024,1338.00,1338.00,1338.00,1338.00,,0.00
2/16/2024,1341.00,1341.00,1341.00,1341.00,,0.00
2/15/2024,1336.00,1336.00,1336.00,1336.00,,0.02
2/14/2024,1304.00,1304.00,1304.00,1304.00,,0.01
2/13/2024,1296.00,1296.00,1296.00,1296.00,,0.01
2/12/2024,1285.00,1285.00,1285.00,1285.00,,0.01
2/9/2024,1268.00,1268.00,1268.00,1268.00,,0.01
2/8/2024,1255.00,1255.00,1255.00,1255.00,,0.00
2/7/2024,1254.00,1254.00,1254.00,1254.00,,-0.01
2/6/2024,1262.00,1262.00,1262.00,1262.00,,-0.01
2/5/2024,1274.00,1274.00,1274.00,1274.00,,-0.01
2/2/2024,1287.00,1287.00,1287.00,1287.00,,-0.01
2/1/2024,1295.00,1295.00,1295.00,1295.00,,-0.01
1/31/2024,1306.00,1306.00,1306.00,1306.00,,-0.01
1/30/2024,1319.00,1319.00,1319.00,1319.00,,-0.02
1/29/2024,1346.00,1346.00,1346.00,1346.00,,0.00
1/26/2024,1347.00,1347.00,1347.00,1347.00,,0.02
1/25/2024,1326.00,1326.00,1326.00,1326.00,,0.00
1/24/2024,1328.00,1328.00,1328.00,1328.00,,-0.01
1/23/2024,1343.00,1343.00,1343.00,1343.00,,-0.04
1/22/2024,1393.00,1393.00,1393.00,1393.00,,-0.02
1/19/2024,1423.00,1423.00,1423.00,1423.00,,-0.05
1/18/2024,1500.00,1500.00,1500.00,1500.00,,-0.03
1/17/2024,1542.00,1542.00,1542.00,1542.00,,-0.01
1/16/2024,1552.00,1552.00,1552.00,1552.00,,0.02
1/15/2024,1522.00,1522.00,1522.00,1522.00,,0.03
1/12/2024,1473.00,1473.00,1473.00,1473.00,,0.01
1/11/2024,1464.00,1464.00,1464.00,1464.00,,0.00
1/10/2024,1457.00,1457.00,1457.00,1457.00,,0.00
1/9/2024,1452.00,1452.00,1452.00,1452.00,,0.03
1/8/2024,1416.00,1416.00,1416.00,1416.00,,0.02
1/5/2024,1384.00,1384.00,1384.00,1384.00,,0.04
1/4/2024,1328.00,1328.00,1328.00,1328.00,,0.03
1/3/2024,1295.00,1295.00,1295.00,1295.00,,0.03
1/2/2024,1258.00,1258.00,1258.00,1258.00,,0.05
12/22/2023,1200.00,1200.00,1200.00,1200.00,,0.00
12/21/2023,1197.00,1197.00,1197.00,1197.00,,0.01
12/20/2023,1181.00,1181.00,1181.00,1181.00,,0.04
12/19/2023,1141.00,1141.00,1141.00,1141.00,,0.02
12/18/2023,1116.00,1116.00,1116.00,1116.00,,0.01
12/15/2023,1103.00,1103.00,1103.00,1103.00,,0.01
12/14/2023,1092.00,1092.00,1092.00,1092.00,,0.00
12/13/2023,1090.00,1090.00,1090.00,1090.00,,-0.01
12/12/2023,1103.00,1103.00,1103.00,1103.00,,-0.01
12/11/2023,1118.00,1118.00,1118.00,1118.00,,-0.01
12/8/2023,1129.00,1129.00,1129.00,1129.00,,-0.01
12/7/2023,1145.00,1145.00,1145.00,1145.00,,-0.02
12/6/2023,1167.00,1167.00,1167.00,1167.00,,-0.01
12/5/2023,1173.00,1173.00,1173.00,1173.00,,0.00
12/4/2023,1171.00,1171.00,1171.00,1171.00,,0.00
12/1/2023,1172.00,1172.00,1172.00,1172.00,,-0.01
11/30/2023,1184.00,1184.00,1184.00,1184.00,,-0.01
11/29/2023,1192.00,1192.00,1192.00,1192.00,,-0.01
11/28/2023,1207.00,1207.00,1207.00,1207.00,,-0.01
11/27/2023,1222.00,1222.00,1222.00,1222.00,,-0.01
11/24/2023,1233.00,1233.00,1233.00,1233.00,,0.00
11/23/2023,1233.00,1233.00,1233.00,1233.00,,-0.01
11/22/2023,1240.00,1240.00,1240.00,1240.00,,-0.02
11/21/2023,1263.00,1263.00,1263.00,1263.00,,-0.04
11/20/2023,1310.00,1310.00,1310.00,1310.00,,-0.01
11/17/2023,1317.00,1317.00,1317.00,1317.00,,-0.01
11/16/2023,1336.00,1336.00,1336.00,1336.00,,0.00
11/15/2023,1337.00,1337.00,1337.00,1337.00,,-0.01
11/14/2023,1345.00,1345.00,1345.00,1345.00,,-0.02
11/13/2023,1373.00,1373.00,1373.00,1373.00,,-0.01
11/10/2023,1392.00,1392.00,1392.00,1392.00,,-0.01
11/9/2023,1404.00,1404.00,1404.00,1404.00,,-0.01
11/8/2023,1424.00,1424.00,1424.00,1424.00,,-0.01
11/7/2023,1433.00,1433.00,1433.00,1433.00,,-0.01
11/6/2023,1447.00,1447.00,1447.00,1447.00,,-0.01
11/3/2023,1465.00,1465.00,1465.00,1465.00,,0.00
11/2/2023,1462.00,1462.00,1462.00,1462.00,,-0.02
11/1/2023,1487.00,1487.00,1487.00,1487.00,,0.00
10/31/2023,1483.00,1483.00,1483.00,1483.00,,0.02
10/30/2023,1453.00,1453.00,1453.00,1453.00,,0.03
10/27/2023,1414.00,1414.00,1414.00,1414.00,,0.03
10/26/2023,1372.00,1372.00,1372.00,1372.00,,0.02
10/25/2023,1348.00,1348.00,1348.00,1348.00,,0.01
10/24/2023,1331.00,1331.00,1331.00,1331.00,,0.01
10/23/2023,1316.00,1316.00,1316.00,1316.00,,0.02
10/20/2023,1286.00,1286.00,1286.00,1286.00,,0.01
10/19/2023,1274.00,1274.00,1274.00,1274.00,,0.00
10/18/2023,1272.00,1272.00,1272.00,1272.00,,0.02
10/17/2023,1244.00,1244.00,1244.00,1244.00,,0.02
10/16/2023,1221.00,1221.00,1221.00,1221.00,,0.06
10/13/2023,1149.00,1149.00,1149.00,1149.00,,0.09
10/12/2023,1054.00,1054.00,1054.00,1054.00,,0.10
10/11/2023,955.00,955.00,955.00,955.00,,0.05
10/10/2023,911.00,911.00,911.00,911.00,,0.03
10/9/2023,881.00,881.00,881.00,881.00,,0.01
10/6/2023,871.00,871.00,871.00,871.00,,0.02
10/5/2023,854.00,854.00,854.00,854.00,,0.01
10/4/2023,846.00,846.00,846.00,846.00,,0.00
10/3/2023,842.00,842.00,842.00,842.00,,0.00
10/2/2023,839.00,839.00,839.00,839.00,,0.01
9/29/2023,827.00,827.00,827.00,827.00,,0.01
9/28/2023,821.00,821.00,821.00,821.00,,0.01
9/27/2023,814.00,814.00,814.00,814.00,,0.00
9/26/2023,810.00,810.00,810.00,810.00,,0.01
9/25/2023,799.00,799.00,799.00,799.00,,0.01
9/22/2023,790.00,790.00,790.00,790.00,,0.02
9/21/2023,776.00,776.00,776.00,776.00,,0.01
9/20/2023,768.00,768.00,768.00,768.00,,0.03
9/19/2023,749.00,749.00,749.00,749.00,,0.01
9/18/2023,742.00,742.00,742.00,742.00,,0.00
9/15/2023,740.00,740.00,740.00,740.00,,0.01
9/14/2023,733.00,733.00,733.00,733.00,,0.02
9/13/2023,722.00,722.00,722.00,722.00,,0.01
9/12/2023,716.00,716.00,716.00,716.00,,0.00
9/11/2023,714.00,714.00,714.00,714.00,,0.00
9/8/2023,713.00,713.00,713.00,713.00,,0.00
9/7/2023,715.00,715.00,715.00,715.00,,-0.01
9/6/2023,725.00,725.00,725.00,725.00,,0.00
9/5/2023,728.00,728.00,728.00,728.00,,-0.01
9/4/2023,732.00,732.00,732.00,732.00,,-0.01
9/1/2023,740.00,740.00,740.00,740.00,,-0.02
8/31/2023,752.00,752.00,752.00,752.00,,-0.02
8/30/2023,764.00,764.00,764.00,764.00,,-0.02
8/29/2023,776.00,776.00,776.00,776.00,,-0.02
8/25/2023,793.00,793.00,793.00,793.00,,-0.01
8/24/2023,797.00,797.00,797.00,797.00,,-0.01
8/23/2023,802.00,802.00,802.00,802.00,,0.00
8/22/2023,804.00,804.00,804.00,804.00,,0.00
8/21/2023,802.00,802.00,802.00,802.00,,0.00
8/18/2023,803.00,803.00,803.00,803.00,,-0.01
8/17/2023,809.00,809.00,809.00,809.00,,0.00
8/16/2023,806.00,806.00,806.00,806.00,,0.01
8/15/2023,798.00,798.00,798.00,798.00,,0.00
8/14/2023,801.00,801.00,801.00,801.00,,0.00
8/11/2023,802.00,802.00,802.00,802.00,,0.00
8/10/2023,799.00,799.00,799.00,799.00,,0.00
8/9/2023,799.00,799.00,799.00,799.00,,0.00
8/8/2023,800.00,800.00,800.00,800.00,,0.00
8/7/2023,798.00,798.00,798.00,798.00,,0.00
8/4/2023,800.00,800.00,800.00,800.00,,-0.01
8/3/2023,810.00,810.00,810.00,810.00,,-0.01
8/2/2023,821.00,821.00,821.00,821.00,,-0.02
8/1/2023,840.00,840.00,840.00,840.00,,-0.01
7/31/2023,851.00,851.00,851.00,851.00,,-0.03
7/28/2023,873.00,873.00,873.00,873.00,,-0.01
7/27/2023,881.00,881.00,881.00,881.00,,-0.02
7/26/2023,899.00,899.00,899.00,899.00,,-0.01
7/25/2023,910.00,910.00,910.00,910.00,,-0.02
7/24/2023,929.00,929.00,929.00,929.00,,-0.01
7/21/2023,940.00,940.00,940.00,940.00,,-0.01
7/20/2023,947.00,947.00,947.00,947.00,,-0.02
7/19/2023,962.00,962.00,962.00,962.00,,-0.01
7/18/2023,975.00,975.00,975.00,975.00,,0.01
7/17/2023,970.00,970.00,970.00,970.00,,0.01
7/14/2023,959.00,959.00,959.00,959.00,,0.03
7/13/2023,929.00,929.00,929.00,929.00,,0.01
7/12/2023,921.00,921.00,921.00,921.00,,0.00
7/11/2023,923.00,923.00,923.00,923.00,,0.00
7/10/2023,925.00,925.00,925.00,925.00,,-0.01
7/7/2023,934.00,934.00,934.00,934.00,,-0.01
7/6/2023,945.00,945.00,945.00,945.00,,-0.03
7/5/2023,974.00,974.00,974.00,974.00,,-0.01
7/4/2023,988.00,988.00,988.00,988.00,,-0.02
7/3/2023,1003.00,1003.00,1003.00,1003.00,,-0.01
6/30/2023,1014.00,1014.00,1014.00,1014.00,,0.01
6/29/2023,1008.00,1008.00,1008.00,1008.00,,-0.01
6/28/2023,1017.00,1017.00,1017.00,1017.00,,-0.03
6/27/2023,1046.00,1046.00,1046.00,1046.00,,-0.01
6/26/2023,1058.00,1058.00,1058.00,1058.00,,-0.01
6/23/2023,1070.00,1070.00,1070.00,1070.00,,-0.03
6/22/2023,1103.00,1103.00,1103.00,1103.00,,-0.03
6/21/2023,1141.00,1141.00,1141.00,1141.00,,-0.03
6/20/2023,1181.00,1181.00,1181.00,1181.00,,0.00
6/19/2023,1184.00,1184.00,1184.00,1184.00,,0.01
6/16/2023,1175.00,1175.00,1175.00,1175.00,,0.02
6/15/2023,1148.00,1148.00,1148.00,1148.00,,0.01
6/14/2023,1140.00,1140.00,1140.00,1140.00,,0.03
6/13/2023,1111.00,1111.00,1111.00,1111.00,,0.02
6/12/2023,1086.00,1086.00,1086.00,1086.00,,0.04
6/9/2023,1049.00,1049.00,1049.00,1049.00,,0.01
6/8/2023,1039.00,1039.00,1039.00,1039.00,,0.00
6/7/2023,1039.00,1039.00,1039.00,1039.00,,0.00
6/6/2023,1036.00,1036.00,1036.00,1036.00,,0.00
6/5/2023,1041.00,1041.00,1041.00,1041.00,,-0.03
6/2/2023,1068.00,1068.00,1068.00,1068.00,,-0.02
6/1/2023,1091.00,1091.00,1091.00,1091.00,,-0.01
5/31/2023,1105.00,1105.00,1105.00,1105.00,,-0.02
5/30/2023,1124.00,1124.00,1124.00,1124.00,,-0.03
5/26/2023,1156.00,1156.00,1156.00,1156.00,,-0.07
5/25/2023,1238.00,1238.00,1238.00,1238.00,,-0.02
5/24/2023,1257.00,1257.00,1257.00,1257.00,,-0.01
5/23/2023,1268.00,1268.00,1268.00,1268.00,,-0.01
5/22/2023,1276.00,1276.00,1276.00,1276.00,,-0.02
5/19/2023,1306.00,1306.00,1306.00,1306.00,,0.00
5/18/2023,1312.00,1312.00,1312.00,1312.00,,0.00
5/17/2023,1318.00,1318.00,1318.00,1318.00,,0.01
5/16/2023,1299.00,1299.00,1299.00,1299.00,,0.01
5/15/2023,1280.00,1280.00,1280.00,1280.00,,0.02
5/12/2023,1252.00,1252.00,1252.00,1252.00,,0.03
5/11/2023,1218.00,1218.00,1218.00,1218.00,,0.05
5/10/2023,1159.00,1159.00,1159.00,1159.00,,0.07
5/9/2023,1080.00,1080.00,1080.00,1080.00,,0.01
5/5/2023,1072.00,1072.00,1072.00,1072.00,,0.00
5/4/2023,1077.00,1077.00,1077.00,1077.00,,0.02
5/3/2023,1061.00,1061.00,1061.00,1061.00,,0.03
5/2/2023,1033.00,1033.00,1033.00,1033.00,,-0.01
4/28/2023,1046.00,1046.00,1046.00,1046.00,,-0.01
4/27/2023,1053.00,1053.00,1053.00,1053.00,,-0.01
4/26/2023,1068.00,1068.00,1068.00,1068.00,,-0.04
4/25/2023,1118.00,1118.00,1118.00,1118.00,,-0.02
4/24/2023,1137.00,1137.00,1137.00,1137.00,,-0.01
4/21/2023,1146.00,1146.00,1146.00,1146.00,,0.00
4/20/2023,1146.00,1146.00,1146.00,1146.00,,-0.02
4/19/2023,1174.00,1174.00,1174.00,1174.00,,-0.02
4/18/2023,1197.00,1197.00,1197.00,1197.00,,-0.02
4/17/2023,1219.00,1219.00,1219.00,1219.00,,-0.02
4/14/2023,1242.00,1242.00,1242.00,1242.00,,-0.01
4/13/2023,1256.00,1256.00,1256.00,1256.00,,-0.02
4/12/2023,1276.00,1276.00,1276.00,1276.00,,-0.01
4/11/2023,1295.00,1295.00,1295.00,1295.00,,-0.02
4/6/2023,1319.00,1319.00,1319.00,1319.00,,-0.01
4/5/2023,1332.00,1332.00,1332.00,1332.00,,0.00
4/4/2023,1334.00,1334.00,1334.00,1334.00,,-0.02
4/3/2023,1363.00,1363.00,1363.00,1363.00,,-0.05
3/31/2023,1428.00,1428.00,1428.00,1428.00,,-0.04
3/30/2023,1481.00,1481.00,1481.00,1481.00,,-0.02
3/29/2023,1508.00,1508.00,1508.00,1508.00,,-0.02
3/28/2023,1545.00,1545.00,1545.00,1545.00,,-0.03
3/27/2023,1587.00,1587.00,1587.00,1587.00,,-0.02
3/24/2023,1622.00,1622.00,1622.00,1622.00,,-0.01
3/23/2023,1642.00,1642.00,1642.00,1642.00,,0.00
3/22/2023,1648.00,1648.00,1648.00,1648.00,,0.00
3/21/2023,1642.00,1642.00,1642.00,1642.00,,0.02
3/20/2023,1611.00,1611.00,1611.00,1611.00,,0.02
3/17/2023,1579.00,1579.00,1579.00,1579.00,,0.02
3/16/2023,1541.00,1541.00,1541.00,1541.00,,0.02
3/15/2023,1516.00,1516.00,1516.00,1516.00,,0.02
3/14/2023,1480.00,1480.00,1480.00,1480.00,,0.00
3/13/2023,1478.00,1478.00,1478.00,1478.00,,-0.01
3/10/2023,1487.00,1487.00,1487.00,1487.00,,-0.02
3/9/2023,1511.00,1511.00,1511.00,1511.00,,0.01
3/8/2023,1495.00,1495.00,1495.00,1495.00,,0.01
3/7/2023,1487.00,1487.00,1487.00,1487.00,,0.00
3/6/2023,1485.00,1485.00,1485.00,1485.00,,0.00
3/3/2023,1483.00,1483.00,1483.00,1483.00,,0.01
3/2/2023,1472.00,1472.00,1472.00,1472.00,,0.01
3/1/2023,1455.00,1455.00,1455.00,1455.00,,0.03
2/28/2023,1414.00,1414.00,1414.00,1414.00,,0.04
2/27/2023,1363.00,1363.00,1363.00,1363.00,,0.02
2/24/2023,1338.00,1338.00,1338.00,1338.00,,0.01
2/23/2023,1324.00,1324.00,1324.00,1324.00,,0.02
2/22/2023,1304.00,1304.00,1304.00,1304.00,,0.00
2/21/2023,1306.00,1306.00,1306.00,1306.00,,0.02
2/20/2023,1278.00,1278.00,1278.00,1278.00,,0.01
2/17/2023,1261.00,1261.00,1261.00,1261.00,,0.01
2/16/2023,1244.00,1244.00,1244.00,1244.00,,0.03
2/15/2023,1212.00,1212.00,1212.00,1212.00,,0.01
2/14/2023,1203.00,1203.00,1203.00,1203.00,,0.00
2/13/2023,1204.00,1204.00,1204.00,1204.00,,0.00
2/10/2023,1206.00,1206.00,1206.00,1206.00,,0.00
2/9/2023,1205.00,1205.00,1205.00,1205.00,,-0.01
2/8/2023,1213.00,1213.00,1213.00,1213.00,,0.00
2/7/2023,1218.00,1218.00,1218.00,1218.00,,0.00
2/6/2023,1224.00,1224.00,1224.00,1224.00,,-0.01
2/3/2023,1239.00,1239.00,1239.00,1239.00,,-0.01
2/2/2023,1256.00,1256.00,1256.00,1256.00,,0.00
2/1/2023,1260.00,1260.00,1260.00,1260.00,,-0.01
1/31/2023,1275.00,1275.00,1275.00,1275.00,,-0.02
1/30/2023,1302.00,1302.00,1302.00,1302.00,,-0.02
1/27/2023,1323.00,1323.00,1323.00,1323.00,,-0.01
1/26/2023,1336.00,1336.00,1336.00,1336.00,,-0.01
1/25/2023,1353.00,1353.00,1353.00,1353.00,,-0.02
1/24/2023,1384.00,1384.00,1384.00,1384.00,,-0.02
1/23/2023,1411.00,1411.00,1411.00,1411.00,,0.00
1/20/2023,1415.00,1415.00,1415.00,1415.00,,0.00
1/19/2023,1412.00,1412.00,1412.00,1412.00,,-0.01
1/18/2023,1421.00,1421.00,1421.00,1421.00,,0.00
1/17/2023,1427.00,1427.00,1427.00,1427.00,,-0.01
1/16/2023,1445.00,1445.00,1445.00,1445.00,,0.00
1/13/2023,1445.00,1445.00,1445.00,1445.00,,0.00
1/12/2023,1441.00,1441.00,1441.00,1441.00,,0.01
1/11/2023,1427.00,1427.00,1427.00,1427.00,,0.00
1/10/2023,1423.00,1423.00,1423.00,1423.00,,0.02
1/9/2023,1392.00,1392.00,1392.00,1392.00,,0.00
1/6/2023,1391.00,1391.00,1391.00,1391.00,,0.00
1/5/2023,1396.00,1396.00,1396.00,1396.00,,-0.02
1/4/2023,1430.00,1430.00,1430.00,1430.00,,-0.02
1/3/2023,1465.00,1465.00,1465.00,1465.00,,-0.22
12/23/2022,1873.00,1873.00,1873.00,1873.00,,-0.01
12/22/2022,1887.00,1887.00,1887.00,1887.00,,-0.02
12/21/2022,1921.00,1921.00,1921.00,1921.00,,-0.02
12/20/2022,1951.00,1951.00,1951.00,1951.00,,-0.05
12/19/2022,2043.00,2043.00,2043.00,2043.00,,-0.02
12/16/2022,2078.00,2078.00,2078.00,2078.00,,-0.01
12/15/2022,2092.00,2092.00,2092.00,2092.00,,0.01
12/14/2022,2079.00,2079.00,2079.00,2079.00,,0.00
12/13/2022,2086.00,2086.00,2086.00,2086.00,,-0.01
12/12/2022,2106.00,2106.00,2106.00,2106.00,,0.00
12/9/2022,2110.00,2110.00,2110.00,2110.00,,0.01
12/8/2022,2089.00,0.00,0.00,0.00,,0.00
12/7/2022,2095.00,2095.00,2095.00,2095.00,,-0.01
12/6/2022,2112.00,2112.00,2112.00,2112.00,,-0.04
12/5/2022,2196.00,2196.00,2196.00,2196.00,,-0.01
12/2/2022,2220.00,2220.00,2220.00,2220.00,,-0.02
12/1/2022,2260.00,2260.00,2260.00,2260.00,,-0.04
11/30/2022,2353.00,2353.00,2353.00,2353.00,,-0.03
11/29/2022,2433.00,2433.00,2433.00,2433.00,,-0.01
11/28/2022,2468.00,2468.00,2468.00,2468.00,,-0.01
11/25/2022,2494.00,2494.00,2494.00,2494.00,,0.00
11/24/2022,2487.00,2487.00,2487.00,2487.00,,0.00
11/23/2022,2495.00,2495.00,2495.00,2495.00,,0.00
11/22/2022,2496.00,2496.00,2496.00,2496.00,,0.02
11/21/2022,2459.00,2459.00,2459.00,2459.00,,0.04
11/18/2022,2365.00,2365.00,2365.00,2365.00,,0.08
11/17/2022,2197.00,2197.00,2197.00,2197.00,,0.08
11/16/2022,2033.00,2033.00,2033.00,2033.00,,0.04
11/15/2022,1961.00,1961.00,1961.00,1961.00,,0.03
11/14/2022,1906.00,1906.00,1906.00,1906.00,,0.01
11/11/2022,1894.00,1894.00,1894.00,1894.00,,0.00
11/10/2022,1885.00,1885.00,1885.00,1885.00,,0.01
11/9/2022,1874.00,1874.00,1874.00,1874.00,,0.01
11/8/2022,1857.00,1857.00,1857.00,1857.00,,0.01
11/7/2022,1842.00,1842.00,1842.00,1842.00,,0.00
11/4/2022,1836.00,1836.00,1836.00,1836.00,,0.00
11/3/2022,1828.00,1828.00,1828.00,1828.00,,0.00
11/2/2022,1819.00,1819.00,1819.00,1819.00,,0.00
11/1/2022,1811.00,1811.00,1811.00,1811.00,,-0.01
10/31/2022,1827.00,1827.00,1827.00,1827.00,,0.00
10/28/2022,1823.00,1823.00,1823.00,1823.00,,0.00
10/27/2022,1816.00,1816.00,1816.00,1816.00,,0.01
10/26/2022,1804.00,1804.00,1804.00,1804.00,,0.01
10/25/2022,1793.00,1793.00,1793.00,1793.00,,0.00
10/24/2022,1791.00,1791.00,1791.00,1791.00,,0.03
10/21/2022,1737.00,1737.00,1737.00,1737.00,,0.01
10/20/2022,1725.00,1725.00,1725.00,1725.00,,0.01
10/19/2022,1710.00,1710.00,1710.00,1710.00,,0.01
10/18/2022,1693.00,1693.00,1693.00,1693.00,,0.04
10/17/2022,1621.00,1621.00,1621.00,1621.00,,0.04
10/14/2022,1554.00,1554.00,1554.00,1554.00,,0.03
10/13/2022,1514.00,1514.00,1514.00,1514.00,,0.02
10/12/2022,1481.00,1481.00,1481.00,1481.00,,0.01
10/11/2022,1465.00,1465.00,1465.00,1465.00,,0.00
10/10/2022,1459.00,1459.00,1459.00,1459.00,,0.00
10/7/2022,1461.00,1461.00,1461.00,1461.00,,0.00
10/6/2022,1461.00,1461.00,1461.00,1461.00,,0.00
10/5/2022,1457.00,1457.00,1457.00,1457.00,,0.00
10/4/2022,1462.00,1462.00,1462.00,1462.00,,-0.01
10/3/2022,1476.00,1476.00,1476.00,1476.00,,0.00
9/30/2022,1477.00,1477.00,1477.00,1477.00,,0.00
9/29/2022,1484.00,1484.00,1484.00,1484.00,,-0.01
9/28/2022,1497.00,1497.00,1497.00,1497.00,,-0.01
9/27/2022,1506.00,1506.00,1506.00,1506.00,,0.00
9/26/2022,1507.00,1507.00,1507.00,1507.00,,0.01
9/23/2022,1498.00,1498.00,1498.00,1498.00,,0.00
9/22/2022,1497.00,1497.00,1497.00,1497.00,,0.00
9/21/2022,1501.00,1501.00,1501.00,1501.00,,0.00
9/20/2022,1508.00,1508.00,1508.00,1508.00,,0.01
9/16/2022,1492.00,1492.00,1492.00,1492.00,,0.02
9/15/2022,1464.00,1464.00,1464.00,1464.00,,0.00
9/14/2022,1461.00,1461.00,1461.00,1461.00,,0.00
9/13/2022,1455.00,1455.00,1455.00,1455.00,,0.01
9/12/2022,1439.00,1439.00,1439.00,1439.00,,0.00
9/9/2022,1432.00,1432.00,1432.00,1432.00,,0.01
9/8/2022,1416.00,1416.00,1416.00,1416.00,,0.00
9/7/2022,1420.00,1420.00,1420.00,1420.00,,-0.01
9/6/2022,1439.00,1439.00,1439.00,1439.00,,-0.02
9/5/2022,1471.00,1471.00,1471.00,1471.00,,-0.01
9/2/2022,1489.00,1489.00,1489.00,1489.00,,-0.01
9/1/2022,1504.00,1504.00,1504.00,1504.00,,-0.01
8/31/2022,1512.00,1512.00,1512.00,1512.00,,-0.01
8/30/2022,1526.00,1526.00,1526.00,1526.00,,-0.02
8/26/2022,1554.00,1554.00,1554.00,1554.00,,0.00
8/25/2022,1550.00,1550.00,1550.00,1550.00,,0.01
8/24/2022,1542.00,1542.00,1542.00,1542.00,,0.00
8/23/2022,1549.00,1549.00,1549.00,1549.00,,0.00
8/22/2022,1548.00,1548.00,1548.00,1548.00,,0.00
8/19/2022,1554.00,0.00,0.00,0.00,,0.00
8/18/2022,1553.00,1553.00,1553.00,1553.00,,0.00
8/17/2022,1547.00,1547.00,1547.00,1547.00,,0.02
8/16/2022,1515.00,1515.00,1515.00,1515.00,,0.02
8/15/2022,1488.00,1488.00,1488.00,1488.00,,0.01
8/12/2022,1475.00,1475.00,1475.00,1475.00,,0.00
8/11/2022,1469.00,1469.00,1469.00,1469.00,,0.00
8/10/2022,1463.00,1463.00,1463.00,1463.00,,0.01
8/9/2022,1455.00,1455.00,1455.00,1455.00,,0.00
8/8/2022,1451.00,1451.00,1451.00,1451.00,,0.00
8/5/2022,1448.00,1448.00,1448.00,1448.00,,0.01
8/4/2022,1437.00,1437.00,1437.00,1437.00,,-0.01
8/3/2022,1454.00,1454.00,1454.00,1454.00,,-0.01
8/2/2022,1474.00,1474.00,1474.00,1474.00,,0.00
8/1/2022,1472.00,1472.00,1472.00,1472.00,,0.00
7/29/2022,1466.00,1466.00,1466.00,1466.00,,0.02
7/28/2022,1442.00,1442.00,1442.00,1442.00,,0.00
7/27/2022,1446.00,1446.00,1446.00,1446.00,,-0.02
7/26/2022,1468.00,1468.00,1468.00,1468.00,,-0.01
7/25/2022,1483.00,1483.00,1483.00,1483.00,,0.00
7/22/2022,1485.00,1485.00,1485.00,1485.00,,0.00
7/21/2022,1481.00,1481.00,1481.00,1481.00,,0.01
7/20/2022,1467.00,1467.00,1467.00,1467.00,,0.01
7/19/2022,1448.00,1448.00,1448.00,1448.00,,0.02
7/18/2022,1413.00,1413.00,1413.00,1413.00,,0.03
7/15/2022,1369.00,1369.00,1369.00,1369.00,,0.00
7/14/2022,1369.00,1369.00,1369.00,1369.00,,-0.01
7/13/2022,1378.00,1378.00,1378.00,1378.00,,0.00
7/12/2022,1373.00,1373.00,1373.00,1373.00,,0.01
7/11/2022,1363.00,1363.00,1363.00,1363.00,,0.02
7/8/2022,1333.00,1333.00,1333.00,1333.00,,0.04
7/7/2022,1286.00,1286.00,1286.00,1286.00,,0.02
7/6/2022,1260.00,1260.00,1260.00,1260.00,,0.03
7/5/2022,1226.00,1226.00,1226.00,1226.00,,0.00
7/4/2022,1222.00,1222.00,1222.00,1222.00,,0.00
7/1/2022,1224.00,1224.00,1224.00,1224.00,,-0.01
6/30/2022,1234.00,1234.00,1234.00,1234.00,,0.01
6/29/2022,1225.00,1225.00,1225.00,1225.00,,0.01
6/28/2022,1212.00,1212.00,1212.00,1212.00,,0.00
6/27/2022,1215.00,1215.00,1215.00,1215.00,,0.00
6/24/2022,1219.00,1219.00,1219.00,1219.00,,0.00
6/23/2022,1222.00,1222.00,1222.00,1222.00,,0.01
6/22/2022,1214.00,1214.00,1214.00,1214.00,,0.01
6/21/2022,1207.00,1207.00,1207.00,1207.00,,0.00
6/20/2022,1204.00,1204.00,1204.00,1204.00,,0.00
6/17/2022,1205.00,1205.00,1205.00,1205.00,,0.01
6/16/2022,1199.00,1199.00,1199.00,1199.00,,0.03
6/15/2022,1168.00,1168.00,1168.00,1168.00,,0.02
6/14/2022,1147.00,1147.00,1147.00,1147.00,,0.01
6/13/2022,1132.00,1132.00,1132.00,1132.00,,0.01
6/10/2022,1126.00,1126.00,1126.00,1126.00,,0.03
6/9/2022,1093.00,1093.00,1093.00,1093.00,,0.00
6/8/2022,1090.00,1090.00,1090.00,1090.00,,0.00
6/7/2022,1089.00,1089.00,1089.00,1089.00,,0.00
6/6/2022,1088.00,1088.00,1088.00,1088.00,,-0.01
6/1/2022,1104.00,1104.00,1104.00,1104.00,,-0.01
5/31/2022,1119.00,1119.00,1119.00,1119.00,,0.00
5/30/2022,1121.00,1121.00,1121.00,1121.00,,-0.01
5/27/2022,1128.00,1128.00,1128.00,1128.00,,0.00
5/26/2022,1126.00,1126.00,1126.00,1126.00,,0.00
5/25/2022,1122.00,1122.00,1122.00,1122.00,,0.00
5/24/2022,1119.00,1119.00,1119.00,1119.00,,0.00
5/23/2022,1114.00,1114.00,1114.00,1114.00,,0.00
5/20/2022,1111.00,1111.00,1111.00,1111.00,,0.01
5/19/2022,1101.00,1101.00,1101.00,1101.00,,0.02
5/18/2022,1083.00,1083.00,1083.00,1083.00,,-0.02
5/17/2022,1110.00,1110.00,1110.00,1110.00,,-0.01
5/16/2022,1125.00,1125.00,1125.00,1125.00,,-0.01
5/13/2022,1133.00,1133.00,1133.00,1133.00,,-0.01
5/12/2022,1140.00,1140.00,1140.00,1140.00,,-0.01
5/11/2022,1155.00,1155.00,1155.00,1155.00,,-0.01
5/10/2022,1167.00,1167.00,1167.00,1167.00,,0.01
5/9/2022,1160.00,1160.00,1160.00,1160.00,,0.00
5/6/2022,1162.00,1162.00,1162.00,1162.00,,-0.02
5/5/2022,1182.00,1182.00,1182.00,1182.00,,-0.04
5/4/2022,1226.00,1226.00,1226.00,1226.00,,-0.01
5/3/2022,1233.00,1233.00,1233.00,1233.00,,-0.02
4/29/2022,1253.00,1253.00,1253.00,1253.00,,0.01
4/28/2022,1245.00,1245.00,1245.00,1245.00,,0.01
4/27/2022,1234.00,1234.00,1234.00,1234.00,,-0.05
4/26/2022,1296.00,1296.00,1296.00,1296.00,,-0.06
4/25/2022,1382.00,1382.00,1382.00,1382.00,,-0.06
4/22/2022,1465.00,1465.00,1465.00,1465.00,,-0.03
4/21/2022,1518.00,1518.00,1518.00,1518.00,,-0.04
4/20/2022,1589.00,1589.00,1589.00,1589.00,,-0.05
4/19/2022,1680.00,1680.00,1680.00,1680.00,,-0.02
4/14/2022,1714.00,1714.00,1714.00,1714.00,,-0.01
4/13/2022,1728.00,1728.00,1728.00,1728.00,,-0.01
4/12/2022,1744.00,1744.00,1744.00,1744.00,,0.01
4/11/2022,1730.00,1730.00,1730.00,1730.00,,0.03
4/8/2022,1677.00,1677.00,1677.00,1677.00,,0.01
4/7/2022,1653.00,1653.00,1653.00,1653.00,,0.07
4/6/2022,1547.00,1547.00,1547.00,1547.00,,0.05
4/5/2022,1469.00,1469.00,1469.00,1469.00,,0.07
4/4/2022,1369.00,1369.00,1369.00,1369.00,,0.04
4/1/2022,1321.00,1321.00,1321.00,1321.00,,0.03
3/31/2022,1279.00,1279.00,1279.00,1279.00,,0.05
3/30/2022,1223.00,1223.00,1223.00,1223.00,,0.05
3/29/2022,1163.00,1163.00,1163.00,1163.00,,0.02
3/28/2022,1141.00,1141.00,1141.00,1141.00,,0.03
3/25/2022,1112.00,1112.00,1112.00,1112.00,,0.02
3/24/2022,1093.00,1093.00,1093.00,1093.00,,0.00
3/23/2022,1093.00,1093.00,1093.00,1093.00,,0.00
3/22/2022,1092.00,1092.00,1092.00,1092.00,,-0.01
3/21/2022,1105.00,1105.00,1105.00,1105.00,,-0.02
3/18/2022,1127.00,1127.00,1127.00,1127.00,,-0.08
3/17/2022,1225.00,1225.00,1225.00,1225.00,,-0.03
3/16/2022,1268.00,1268.00,1268.00,1268.00,,-0.01
3/15/2022,1279.00,1279.00,1279.00,1279.00,,-0.01
3/14/2022,1297.00,1297.00,1297.00,1297.00,,-0.01
3/11/2022,1312.00,1312.00,1312.00,1312.00,,-0.02
3/10/2022,1333.00,1333.00,1333.00,1333.00,,-0.01
3/9/2022,1349.00,1349.00,1349.00,1349.00,,-0.05
3/8/2022,1424.00,1424.00,1424.00,1424.00,,-0.06
3/7/2022,1517.00,1517.00,1517.00,1517.00,,0.03
3/4/2022,1474.00,1474.00,1474.00,1474.00,,-0.02
3/3/2022,1497.00,1497.00,1497.00,1497.00,,0.02
3/2/2022,1466.00,1466.00,1466.00,1466.00,,0.01
3/1/2022,1449.00,1449.00,1449.00,1449.00,,0.08
2/28/2022,1343.00,1343.00,1343.00,1343.00,,0.17
2/25/2022,1147.00,1147.00,1147.00,1147.00,,0.27
2/24/2022,904.00,904.00,904.00,904.00,,0.25
2/23/2022,725.00,725.00,725.00,725.00,,0.01
2/22/2022,715.00,715.00,715.00,715.00,,0.01
2/21/2022,706.00,706.00,706.00,706.00,,0.01
2/18/2022,699.00,699.00,699.00,699.00,,0.01
2/17/2022,694.00,694.00,694.00,694.00,,0.00
2/16/2022,692.00,692.00,692.00,692.00,,0.00
2/15/2022,691.00,691.00,691.00,691.00,,0.00
2/14/2022,690.00,690.00,690.00,690.00,,0.00
2/11/2022,687.00,687.00,687.00,687.00,,0.01
2/10/2022,681.00,681.00,681.00,681.00,,0.00
2/9/2022,682.00,682.00,682.00,682.00,,0.00
2/8/2022,681.00,681.00,681.00,681.00,,0.00
2/7/2022,682.00,682.00,682.00,682.00,,0.00
2/4/2022,679.00,679.00,679.00,679.00,,0.00
2/3/2022,679.00,679.00,679.00,679.00,,0.00
2/2/2022,682.00,682.00,682.00,682.00,,0.00
2/1/2022,685.00,685.00,685.00,685.00,,-0.01
1/31/2022,689.00,689.00,689.00,689.00,,0.00
1/28/2022,687.00,687.00,687.00,687.00,,0.00
1/27/2022,685.00,685.00,685.00,685.00,,0.00
1/26/2022,682.00,682.00,682.00,682.00,,-0.01
1/25/2022,691.00,691.00,691.00,691.00,,0.00
1/24/2022,692.00,692.00,692.00,692.00,,0.00
1/21/2022,692.00,692.00,692.00,692.00,,0.00
1/20/2022,691.00,691.00,691.00,691.00,,0.00
1/19/2022,692.00,692.00,692.00,692.00,,0.00
1/18/2022,694.00,694.00,694.00,694.00,,0.00
1/17/2022,697.00,697.00,697.00,697.00,,0.00
1/14/2022,698.00,698.00,698.00,698.00,,0.00
1/13/2022,698.00,698.00,698.00,698.00,,0.01
1/12/2022,694.00,694.00,694.00,694.00,,-0.01
1/11/2022,698.00,698.00,698.00,698.00,,-0.01
1/10/2022,704.00,704.00,704.00,704.00,,0.00
1/7/2022,705.00,705.00,705.00,705.00,,-0.01
1/6/2022,711.00,711.00,711.00,711.00,,0.00
1/5/2022,711.00,711.00,711.00,711.00,,-0.02
1/4/2022,722.00,722.00,722.00,722.00,,-0.08
12/24/2021,786.00,786.00,786.00,786.00,,0.00
12/23/2021,788.00,788.00,788.00,788.00,,0.00
12/22/2021,788.00,788.00,788.00,788.00,,-0.02
12/21/2021,801.00,801.00,801.00,801.00,,0.00
12/20/2021,804.00,804.00,804.00,804.00,,0.00
12/17/2021,803.00,803.00,803.00,803.00,,0.00
12/16/2021,801.00,801.00,801.00,801.00,,0.00
12/15/2021,803.00,803.00,803.00,803.00,,0.01
12/14/2021,795.00,795.00,795.00,795.00,,0.01
12/13/2021,788.00,788.00,788.00,788.00,,0.00
12/10/2021,785.00,785.00,785.00,785.00,,0.01
12/9/2021,777.00,777.00,777.00,777.00,,0.01
12/8/2021,771.00,771.00,771.00,771.00,,0.01
12/7/2021,764.00,764.00,764.00,764.00,,0.01
12/6/2021,754.00,754.00,754.00,754.00,,0.02
12/3/2021,737.00,737.00,737.00,737.00,,0.01
12/2/2021,727.00,727.00,727.00,727.00,,0.01
12/1/2021,720.00,720.00,720.00,720.00,,0.00
11/30/2021,721.00,721.00,721.00,721.00,,-0.01
11/29/2021,731.00,731.00,731.00,731.00,,-0.01
11/26/2021,738.00,738.00,738.00,738.00,,-0.01
11/25/2021,745.00,745.00,745.00,745.00,,0.00
11/24/2021,744.00,744.00,744.00,744.00,,-0.01
11/23/2021,753.00,753.00,753.00,753.00,,-0.01
11/22/2021,763.00,763.00,763.00,763.00,,-0.02
11/19/2021,780.00,780.00,780.00,780.00,,-0.01
11/18/2021,788.00,788.00,788.00,788.00,,-0.01
11/17/2021,795.00,795.00,795.00,795.00,,-0.01
11/16/2021,802.00,802.00,802.00,802.00,,-0.01
11/15/2021,812.00,812.00,812.00,812.00,,-0.01
11/12/2021,821.00,821.00,821.00,821.00,,-0.02
11/11/2021,835.00,835.00,835.00,835.00,,0.00
11/10/2021,833.00,833.00,833.00,833.00,,0.00
11/9/2021,835.00,835.00,835.00,835.00,,0.01
11/8/2021,828.00,828.00,828.00,828.00,,0.01
11/5/2021,817.00,817.00,817.00,817.00,,0.02
11/4/2021,798.00,798.00,798.00,798.00,,0.01
11/3/2021,794.00,794.00,794.00,794.00,,0.00
11/2/2021,793.00,793.00,793.00,793.00,,0.00
11/1/2021,794.00,794.00,794.00,794.00,,0.00
10/29/2021,797.00,797.00,797.00,797.00,,0.00
10/28/2021,800.00,800.00,800.00,800.00,,0.01
10/27/2021,796.00,796.00,796.00,796.00,,0.00
10/26/2021,793.00,793.00,793.00,793.00,,0.01
10/25/2021,784.00,784.00,784.00,784.00,,0.02
10/22/2021,768.00,768.00,768.00,768.00,,0.02
10/21/2021,755.00,755.00,755.00,755.00,,0.02
10/20/2021,743.00,743.00,743.00,743.00,,0.01
10/19/2021,737.00,737.00,737.00,737.00,,0.01
10/18/2021,727.00,727.00,727.00,727.00,,0.00
10/15/2021,726.00,726.00,726.00,726.00,,0.01
10/14/2021,719.00,719.00,719.00,719.00,,0.01
10/13/2021,710.00,710.00,710.00,710.00,,0.01
10/12/2021,701.00,701.00,701.00,701.00,,0.01
10/11/2021,692.00,692.00,692.00,692.00,,0.02
10/8/2021,680.00,680.00,680.00,680.00,,0.02
10/7/2021,668.00,668.00,668.00,668.00,,0.01
10/6/2021,662.00,662.00,662.00,662.00,,0.02
10/5/2021,649.00,649.00,649.00,649.00,,0.02
10/4/2021,635.00,635.00,635.00,635.00,,0.01
10/1/2021,630.00,630.00,630.00,630.00,,0.01
9/30/2021,626.00,626.00,626.00,626.00,,0.00
9/29/2021,623.00,623.00,623.00,623.00,,0.01
9/28/2021,618.00,618.00,618.00,618.00,,0.00
9/27/2021,616.00,616.00,616.00,616.00,,0.00
9/24/2021,614.00,614.00,614.00,614.00,,0.00
9/23/2021,614.00,614.00,614.00,614.00,,0.01
9/22/2021,610.00,610.00,610.00,610.00,,0.00
9/21/2021,607.00,607.00,607.00,607.00,,0.00
9/20/2021,608.00,608.00,608.00,608.00,,0.00
9/17/2021,608.00,608.00,608.00,608.00,,-0.01
9/16/2021,616.00,616.00,616.00,616.00,,0.00
9/15/2021,618.00,618.00,618.00,618.00,,0.01
9/14/2021,614.00,614.00,614.00,614.00,,0.00
9/13/2021,612.00,612.00,612.00,612.00,,0.00
9/10/2021,611.00,611.00,611.00,611.00,,0.00
9/9/2021,609.00,609.00,609.00,609.00,,0.01
9/8/2021,604.00,604.00,604.00,604.00,,-0.01
9/7/2021,610.00,610.00,610.00,610.00,,-0.01
9/6/2021,615.00,615.00,615.00,615.00,,0.00
9/3/2021,616.00,616.00,616.00,616.00,,0.00
9/2/2021,617.00,617.00,617.00,617.00,,0.01
9/1/2021,613.00,613.00,613.00,613.00,,0.00
8/31/2021,610.00,610.00,610.00,610.00,,0.01
8/27/2021,604.00,604.00,604.00,604.00,,0.00
8/26/2021,604.00,604.00,604.00,604.00,,0.00
8/25/2021,603.00,603.00,603.00,603.00,,0.00
8/24/2021,605.00,605.00,605.00,605.00,,0.00
8/23/2021,607.00,607.00,607.00,607.00,,0.00
8/20/2021,610.00,610.00,610.00,610.00,,0.00
8/19/2021,608.00,608.00,608.00,608.00,,0.00
8/18/2021,607.00,607.00,607.00,607.00,,0.00
8/17/2021,608.00,608.00,608.00,608.00,,0.00
8/16/2021,610.00,610.00,610.00,610.00,,0.00
8/13/2021,613.00,613.00,613.00,613.00,,0.01
8/12/2021,609.00,609.00,609.00,609.00,,0.00
8/11/2021,608.00,608.00,608.00,608.00,,0.00
8/10/2021,608.00,608.00,608.00,608.00,,0.00
8/9/2021,608.00,608.00,608.00,608.00,,0.00
8/6/2021,609.00,609.00,609.00,609.00,,0.00
8/5/2021,607.00,607.00,607.00,607.00,,0.00
8/4/2021,607.00,607.00,607.00,607.00,,0.01
8/3/2021,604.00,604.00,604.00,604.00,,0.00
8/2/2021,605.00,605.00,605.00,605.00,,0.00
7/30/2021,604.00,604.00,604.00,604.00,,0.00
7/29/2021,604.00,604.00,604.00,604.00,,0.01
7/28/2021,598.00,598.00,598.00,598.00,,0.01
7/27/2021,594.00,594.00,594.00,594.00,,0.00
7/26/2021,592.00,592.00,592.00,592.00,,0.00
7/23/2021,593.00,593.00,593.00,593.00,,0.00
7/22/2021,593.00,593.00,593.00,593.00,,0.00
7/21/2021,591.00,591.00,591.00,591.00,,0.00
7/20/2021,590.00,590.00,590.00,590.00,,0.00
7/19/2021,590.00,590.00,590.00,590.00,,0.00
7/16/2021,589.00,589.00,589.00,589.00,,0.01
7/15/2021,585.00,585.00,585.00,585.00,,0.01
7/14/2021,580.00,580.00,580.00,580.00,,0.00
7/13/2021,582.00,582.00,582.00,582.00,,0.00
7/12/2021,583.00,583.00,583.00,583.00,,-0.01
7/9/2021,586.00,586.00,586.00,586.00,,0.00
7/8/2021,588.00,588.00,588.00,588.00,,0.00
7/7/2021,588.00,588.00,588.00,588.00,,-0.01
7/6/2021,591.00,591.00,591.00,591.00,,0.01
7/5/2021,586.00,586.00,586.00,586.00,,-0.01
7/2/2021,590.00,590.00,590.00,590.00,,0.00
7/1/2021,592.00,592.00,592.00,592.00,,-0.01
6/30/2021,598.00,598.00,598.00,598.00,,-0.01
6/29/2021,605.00,605.00,605.00,605.00,,-0.01
6/28/2021,614.00,614.00,614.00,614.00,,-0.02
6/25/2021,624.00,624.00,624.00,624.00,,0.00
6/24/2021,624.00,624.00,624.00,624.00,,0.00
6/23/2021,621.00,621.00,621.00,621.00,,0.01
6/22/2021,615.00,615.00,615.00,615.00,,0.02
6/21/2021,604.00,604.00,604.00,604.00,,0.02
6/18/2021,592.00,592.00,592.00,592.00,,0.01
6/17/2021,588.00,588.00,588.00,588.00,,0.00
6/16/2021,586.00,586.00,586.00,586.00,,0.01
6/15/2021,583.00,583.00,583.00,583.00,,0.00
6/14/2021,582.00,582.00,582.00,582.00,,0.00
6/11/2021,581.00,581.00,581.00,581.00,,0.00
6/10/2021,580.00,580.00,580.00,580.00,,0.00
6/9/2021,581.00,581.00,581.00,581.00,,0.00
6/8/2021,579.00,579.00,579.00,579.00,,-0.01
6/7/2021,583.00,583.00,583.00,583.00,,0.00
6/4/2021,585.00,585.00,585.00,585.00,,-0.01
6/3/2021,589.00,589.00,589.00,589.00,,-0.01
6/2/2021,595.00,595.00,595.00,595.00,,-0.01
6/1/2021,598.00,598.00,598.00,598.00,,-0.01
5/28/2021,604.00,604.00,604.00,604.00,,0.00
5/27/2021,605.00,605.00,605.00,605.00,,-0.01
5/26/2021,610.00,610.00,610.00,610.00,,-0.01
5/25/2021,614.00,614.00,614.00,614.00,,0.00
5/24/2021,613.00,613.00,613.00,613.00,,0.00
5/21/2021,615.00,615.00,615.00,615.00,,0.01
5/20/2021,610.00,610.00,610.00,610.00,,0.01
5/19/2021,606.00,606.00,606.00,606.00,,-0.01
5/18/2021,611.00,611.00,611.00,611.00,,0.00
5/17/2021,610.00,610.00,610.00,610.00,,0.00
5/14/2021,610.00,610.00,610.00,610.00,,0.00
5/13/2021,610.00,610.00,610.00,610.00,,0.00
5/12/2021,613.00,613.00,613.00,613.00,,0.01
5/11/2021,606.00,606.00,606.00,606.00,,0.00
5/10/2021,605.00,605.00,605.00,605.00,,0.00
5/7/2021,607.00,607.00,607.00,607.00,,0.01
5/6/2021,604.00,604.00,604.00,604.00,,0.00
5/5/2021,604.00,604.00,604.00,604.00,,0.00
5/4/2021,602.00,602.00,602.00,602.00,,-0.01
4/30/2021,606.00,606.00,606.00,606.00,,0.00
4/29/2021,605.00,605.00,605.00,605.00,,0.00
4/28/2021,604.00,604.00,604.00,604.00,,0.00
4/27/2021,603.00,603.00,603.00,603.00,,0.00
4/26/2021,603.00,603.00,603.00,603.00,,0.00
4/23/2021,604.00,604.00,604.00,604.00,,0.00
4/22/2021,605.00,605.00,605.00,605.00,,0.00
4/21/2021,603.00,603.00,603.00,603.00,,0.01
4/20/2021,600.00,600.00,600.00,600.00,,-0.01
4/19/2021,603.00,603.00,603.00,603.00,,0.00
4/16/2021,605.00,605.00,605.00,605.00,,0.00
4/15/2021,608.00,608.00,608.00,608.00,,-0.01
4/14/2021,612.00,612.00,612.00,612.00,,0.00
4/13/2021,614.00,614.00,614.00,614.00,,-0.02
4/12/2021,629.00,629.00,629.00,629.00,,-0.03
4/9/2021,646.00,646.00,646.00,646.00,,-0.02
4/8/2021,658.00,658.00,658.00,658.00,,-0.03
4/7/2021,675.00,675.00,675.00,675.00,,-0.01
4/6/2021,685.00,685.00,685.00,685.00,,-0.02
4/1/2021,699.00,699.00,699.00,699.00,,-0.02
3/31/2021,710.00,710.00,710.00,710.00,,-0.04
3/30/2021,737.00,737.00,737.00,737.00,,-0.04
3/29/2021,765.00,765.00,765.00,765.00,,0.00
3/26/2021,765.00,765.00,765.00,765.00,,0.02
3/25/2021,748.00,748.00,748.00,748.00,,0.01
3/24/2021,743.00,743.00,743.00,743.00,,-0.01
3/23/2021,747.00,747.00,747.00,747.00,,0.00
3/22/2021,746.00,746.00,746.00,746.00,,0.00
3/19/2021,748.00,748.00,748.00,748.00,,-0.01
3/18/2021,753.00,753.00,753.00,753.00,,0.01
3/17/2021,746.00,746.00,746.00,746.00,,0.01
3/16/2021,742.00,742.00,742.00,742.00,,0.02
3/15/2021,727.00,727.00,727.00,727.00,,0.01
3/12/2021,721.00,721.00,721.00,721.00,,0.00
3/11/2021,720.00,720.00,720.00,720.00,,0.02
3/10/2021,706.00,706.00,706.00,706.00,,0.01
3/9/2021,696.00,696.00,696.00,696.00,,0.04
3/8/2021,672.00,672.00,672.00,672.00,,0.01
3/5/2021,666.00,666.00,666.00,666.00,,0.00
3/4/2021,668.00,668.00,668.00,668.00,,0.00
3/3/2021,667.00,667.00,667.00,667.00,,-0.01
3/2/2021,671.00,671.00,671.00,671.00,,0.00
3/1/2021,668.00,668.00,668.00,668.00,,0.00
2/26/2021,669.00,669.00,669.00,669.00,,0.00
2/25/2021,669.00,669.00,669.00,669.00,,0.00
2/24/2021,668.00,668.00,668.00,668.00,,0.01
2/23/2021,663.00,663.00,663.00,663.00,,0.02
2/22/2021,651.00,651.00,651.00,651.00,,0.02
2/19/2021,639.00,639.00,639.00,639.00,,0.02
2/18/2021,627.00,627.00,627.00,627.00,,0.04
2/17/2021,602.00,602.00,602.00,602.00,,0.02
2/16/2021,589.00,589.00,589.00,589.00,,0.07
2/15/2021,550.00,550.00,550.00,550.00,,0.02
2/12/2021,539.00,539.00,539.00,539.00,,0.04
2/11/2021,519.00,519.00,519.00,519.00,,0.02
2/10/2021,510.00,510.00,510.00,510.00,,0.03
2/9/2021,497.00,497.00,497.00,497.00,,0.00
2/8/2021,495.00,495.00,495.00,495.00,,0.00
2/5/2021,496.00,496.00,496.00,496.00,,0.00
2/4/2021,496.00,496.00,496.00,496.00,,0.00
2/3/2021,497.00,497.00,497.00,497.00,,-0.02
2/2/2021,506.00,506.00,506.00,506.00,,-0.02
2/1/2021,515.00,515.00,515.00,515.00,,0.00
1/29/2021,517.00,517.00,517.00,517.00,,-0.01
1/28/2021,521.00,521.00,521.00,521.00,,0.00
1/27/2021,521.00,521.00,521.00,521.00,,0.00
1/26/2021,520.00,520.00,520.00,520.00,,0.00
1/25/2021,519.00,519.00,519.00,519.00,,0.01
1/22/2021,512.00,512.00,512.00,512.00,,0.01
1/21/2021,505.00,505.00,505.00,505.00,,0.01
1/20/2021,498.00,498.00,498.00,498.00,,0.00
1/19/2021,496.00,496.00,496.00,496.00,,0.01
1/18/2021,492.00,492.00,492.00,492.00,,0.00
1/15/2021,493.00,493.00,493.00,493.00,,-0.01
1/14/2021,496.00,496.00,496.00,496.00,,-0.01
1/13/2021,500.00,500.00,500.00,500.00,,-0.01
1/12/2021,505.00,505.00,505.00,505.00,,-0.01
1/11/2021,511.00,511.00,511.00,511.00,,-0.02
1/8/2021,520.00,520.00,520.00,520.00,,-0.01
1/7/2021,524.00,524.00,524.00,524.00,,-0.02
1/6/2021,533.00,533.00,533.00,533.00,,-0.01
1/5/2021,540.00,540.00,540.00,540.00,,-0.01
1/4/2021,543.00,543.00,543.00,543.00,,0.17
12/24/2020,466.00,466.00,466.00,466.00,,0.00
12/23/2020,466.00,466.00,466.00,466.00,,0.00
12/22/2020,468.00,468.00,468.00,468.00,,0.02
12/21/2020,461.00,461.00,461.00,461.00,,0.01
12/18/2020,456.00,456.00,456.00,456.00,,0.01
12/17/2020,453.00,453.00,453.00,453.00,,0.03
12/16/2020,439.00,439.00,439.00,439.00,,0.01
12/15/2020,435.00,435.00,435.00,435.00,,0.01
12/14/2020,432.00,432.00,432.00,432.00,,0.00
12/11/2020,431.00,431.00,431.00,431.00,,0.00
12/10/2020,430.00,430.00,430.00,430.00,,-0.01
12/9/2020,435.00,435.00,435.00,435.00,,-0.01
12/8/2020,439.00,439.00,439.00,439.00,,0.00
12/7/2020,440.00,440.00,440.00,440.00,,0.00
12/4/2020,440.00,440.00,440.00,440.00,,-0.01
12/3/2020,445.00,445.00,445.00,445.00,,0.00
12/2/2020,444.00,444.00,444.00,444.00,,-0.02
12/1/2020,455.00,455.00,455.00,455.00,,-0.01
11/30/2020,458.00,458.00,458.00,458.00,,0.01
11/27/2020,455.00,455.00,455.00,455.00,,0.00
11/26/2020,457.00,457.00,457.00,457.00,,0.01
11/25/2020,451.00,451.00,451.00,451.00,,0.01
11/24/2020,447.00,447.00,447.00,447.00,,0.02
11/23/2020,437.00,437.00,437.00,437.00,,0.00
11/20/2020,438.00,438.00,438.00,438.00,,0.00
11/19/2020,437.00,437.00,437.00,437.00,,0.01
11/18/2020,431.00,431.00,431.00,431.00,,0.00
11/17/2020,432.00,432.00,432.00,432.00,,0.00
11/16/2020,430.00,430.00,430.00,430.00,,0.01
11/13/2020,425.00,425.00,425.00,425.00,,0.03
11/12/2020,413.00,413.00,413.00,413.00,,0.01
11/11/2020,407.00,407.00,407.00,407.00,,0.00
11/10/2020,405.00,405.00,405.00,405.00,,0.01
11/9/2020,403.00,403.00,403.00,403.00,,0.00
11/6/2020,403.00,403.00,403.00,403.00,,0.00
11/5/2020,405.00,405.00,405.00,405.00,,0.00
11/4/2020,405.00,405.00,405.00,405.00,,0.00
11/3/2020,405.00,405.00,405.00,405.00,,0.00
11/2/2020,406.00,406.00,406.00,406.00,,-0.01
10/30/2020,411.00,411.00,411.00,411.00,,-0.01
10/29/2020,416.00,416.00,416.00,416.00,,-0.01
10/28/2020,422.00,422.00,422.00,422.00,,-0.01
10/27/2020,426.00,426.00,426.00,426.00,,0.00
10/26/2020,425.00,425.00,425.00,425.00,,0.02
10/23/2020,417.00,417.00,417.00,417.00,,-0.01
10/22/2020,421.00,421.00,421.00,421.00,,-0.01
10/21/2020,424.00,424.00,424.00,424.00,,0.00
10/20/2020,423.00,423.00,423.00,423.00,,0.01
10/19/2020,420.00,420.00,420.00,420.00,,0.01
10/16/2020,417.00,417.00,417.00,417.00,,0.01
10/15/2020,414.00,414.00,414.00,414.00,,0.00
10/14/2020,412.00,412.00,412.00,412.00,,0.00
10/13/2020,410.00,410.00,410.00,410.00,,0.00
10/12/2020,410.00,410.00,410.00,410.00,,0.00
10/9/2020,412.00,412.00,412.00,412.00,,-0.01
10/8/2020,417.00,417.00,417.00,417.00,,0.00
10/7/2020,419.00,419.00,419.00,419.00,,-0.01
10/6/2020,424.00,424.00,424.00,424.00,,-0.01
10/5/2020,428.00,428.00,428.00,428.00,,0.00
10/2/2020,429.00,429.00,429.00,429.00,,-0.01
10/1/2020,432.00,432.00,432.00,432.00,,-0.01
9/30/2020,435.00,435.00,435.00,435.00,,0.00
9/29/2020,435.00,435.00,435.00,435.00,,0.00
9/28/2020,436.00,436.00,436.00,436.00,,0.00
9/25/2020,434.00,434.00,434.00,434.00,,0.00
9/24/2020,434.00,434.00,434.00,434.00,,0.01
9/23/2020,431.00,431.00,431.00,431.00,,0.00
9/22/2020,433.00,433.00,433.00,433.00,,-0.01
9/21/2020,439.00,439.00,439.00,439.00,,0.00
9/18/2020,441.00,441.00,441.00,441.00,,0.00
9/17/2020,443.00,443.00,443.00,443.00,,-0.01
9/16/2020,448.00,448.00,448.00,448.00,,-0.01
9/15/2020,453.00,453.00,453.00,453.00,,-0.01
9/14/2020,456.00,456.00,456.00,456.00,,-0.01
9/11/2020,459.00,459.00,459.00,459.00,,0.02
9/10/2020,450.00,450.00,450.00,450.00,,0.01
9/9/2020,447.00,447.00,447.00,447.00,,0.00
9/8/2020,446.00,446.00,446.00,446.00,,0.00
9/7/2020,444.00,444.00,444.00,444.00,,0.00
9/4/2020,446.00,446.00,446.00,446.00,,-0.01
9/3/2020,452.00,452.00,452.00,452.00,,-0.01
9/2/2020,457.00,457.00,457.00,457.00,,-0.02
9/1/2020,466.00,466.00,466.00,466.00,,-0.02
8/28/2020,474.00,474.00,474.00,474.00,,0.00
8/27/2020,472.00,472.00,472.00,472.00,,0.00
8/26/2020,473.00,473.00,473.00,473.00,,-0.01
8/25/2020,477.00,477.00,477.00,477.00,,-0.01
8/24/2020,480.00,480.00,480.00,480.00,,-0.01
8/21/2020,483.00,483.00,483.00,483.00,,-0.01
8/20/2020,488.00,488.00,488.00,488.00,,-0.01
8/19/2020,491.00,491.00,491.00,491.00,,0.00
8/18/2020,490.00,490.00,490.00,490.00,,-0.01
8/17/2020,493.00,493.00,493.00,493.00,,-0.01
8/14/2020,498.00,498.00,498.00,498.00,,0.00
8/13/2020,499.00,499.00,499.00,499.00,,0.00
8/12/2020,500.00,500.00,500.00,500.00,,0.01
8/11/2020,497.00,497.00,497.00,497.00,,-0.01
8/10/2020,503.00,503.00,503.00,503.00,,-0.01
8/7/2020,507.00,507.00,507.00,507.00,,0.00
8/6/2020,507.00,507.00,507.00,507.00,,0.00
8/5/2020,509.00,509.00,509.00,509.00,,0.01
8/4/2020,506.00,506.00,506.00,506.00,,0.00
8/3/2020,506.00,506.00,506.00,506.00,,0.00
7/31/2020,506.00,506.00,506.00,506.00,,0.00
7/30/2020,505.00,505.00,505.00,505.00,,0.00
7/29/2020,506.00,506.00,506.00,506.00,,-0.01
7/28/2020,513.00,513.00,513.00,513.00,,-0.01
7/27/2020,516.00,516.00,516.00,516.00,,-0.01
7/24/2020,520.00,520.00,520.00,520.00,,-0.02
7/23/2020,530.00,530.00,530.00,530.00,,-0.02
7/22/2020,539.00,539.00,539.00,539.00,,0.00
7/21/2020,541.00,541.00,541.00,541.00,,0.01
7/20/2020,534.00,534.00,534.00,534.00,,0.03
7/17/2020,520.00,520.00,520.00,520.00,,0.02
7/16/2020,509.00,509.00,509.00,509.00,,0.04
7/15/2020,491.00,491.00,491.00,491.00,,0.00
7/14/2020,492.00,492.00,492.00,492.00,,-0.01
7/13/2020,499.00,499.00,499.00,499.00,,0.00
7/10/2020,500.00,500.00,500.00,500.00,,0.00
7/9/2020,498.00,498.00,498.00,498.00,,0.01
7/8/2020,492.00,492.00,492.00,492.00,,0.01
7/7/2020,487.00,487.00,487.00,487.00,,0.01
7/6/2020,483.00,483.00,483.00,483.00,,0.03
7/3/2020,471.00,471.00,471.00,471.00,,0.02
7/2/2020,464.00,464.00,464.00,464.00,,0.00
7/1/2020,464.00,464.00,464.00,464.00,,0.00
6/30/2020,462.00,462.00,462.00,462.00,,-0.01
6/29/2020,465.00,465.00,465.00,465.00,,0.00
6/26/2020,467.00,467.00,467.00,467.00,,0.00
6/25/2020,466.00,466.00,466.00,466.00,,0.02
6/24/2020,459.00,459.00,459.00,459.00,,-0.03
6/23/2020,473.00,473.00,473.00,473.00,,-0.05
6/22/2020,496.00,496.00,496.00,496.00,,-0.03
6/19/2020,509.00,509.00,509.00,509.00,,-0.01
6/18/2020,513.00,513.00,513.00,513.00,,-0.02
6/17/2020,524.00,524.00,524.00,524.00,,-0.01
6/16/2020,530.00,530.00,530.00,530.00,,-0.03
6/15/2020,545.00,545.00,545.00,545.00,,-0.01
6/12/2020,551.00,551.00,551.00,551.00,,-0.01
6/11/2020,559.00,559.00,559.00,559.00,,-0.02
6/10/2020,572.00,572.00,572.00,572.00,,-0.01
6/9/2020,577.00,577.00,577.00,577.00,,-0.01
6/8/2020,584.00,584.00,584.00,584.00,,-0.01
6/5/2020,592.00,592.00,592.00,592.00,,-0.02
6/4/2020,605.00,605.00,605.00,605.00,,-0.04
6/3/2020,628.00,628.00,628.00,628.00,,-0.04
6/2/2020,653.00,653.00,653.00,653.00,,-0.06
6/1/2020,698.00,698.00,698.00,698.00,,-0.02
5/29/2020,713.00,713.00,713.00,713.00,,-0.01
5/28/2020,720.00,720.00,720.00,720.00,,-0.02
5/27/2020,733.00,733.00,733.00,733.00,,0.02
5/26/2020,718.00,718.00,718.00,718.00,,-0.02
5/22/2020,735.00,735.00,735.00,735.00,,-0.03
5/21/2020,756.00,756.00,756.00,756.00,,-0.05
5/20/2020,792.00,792.00,792.00,792.00,,-0.03
5/19/2020,818.00,818.00,818.00,818.00,,-0.03
5/18/2020,847.00,847.00,847.00,847.00,,-0.01
5/15/2020,852.00,852.00,852.00,852.00,,-0.01
5/14/2020,863.00,863.00,863.00,863.00,,-0.01
5/13/2020,872.00,872.00,872.00,872.00,,0.00
5/12/2020,870.00,870.00,870.00,870.00,,0.00
5/11/2020,868.00,868.00,868.00,868.00,,0.01
5/7/2020,863.00,863.00,863.00,863.00,,-0.02
5/6/2020,881.00,881.00,881.00,881.00,,-0.03
5/5/2020,905.00,905.00,905.00,905.00,,-0.11
5/4/2020,1015.00,1015.00,1015.00,1015.00,,-0.08
5/1/2020,1105.00,1105.00,1105.00,1105.00,,-0.11
4/30/2020,1236.00,1236.00,1236.00,1236.00,,-0.11
4/29/2020,1387.00,1387.00,1387.00,1387.00,,-0.08
4/28/2020,1503.00,1503.00,1503.00,1503.00,,-0.02
4/27/2020,1536.00,1536.00,1536.00,1536.00,,-0.01
4/24/2020,1550.00,1550.00,1550.00,1550.00,,0.01
4/23/2020,1537.00,1537.00,1537.00,1537.00,,0.01
4/22/2020,1525.00,1525.00,1525.00,1525.00,,0.11
4/21/2020,1377.00,1377.00,1377.00,1377.00,,0.17
4/20/2020,1182.00,1182.00,1182.00,1182.00,,0.02
4/17/2020,1154.00,1154.00,1154.00,1154.00,,0.05
4/16/2020,1102.00,1102.00,1102.00,1102.00,,0.02
4/15/2020,1084.00,1084.00,1084.00,1084.00,,-0.02
4/14/2020,1108.00,1108.00,1108.00,1108.00,,-0.01
4/9/2020,1114.00,1114.00,1114.00,1114.00,,0.04
4/8/2020,1071.00,1071.00,1071.00,1071.00,,-0.05
4/7/2020,1122.00,1122.00,1122.00,1122.00,,-0.10
4/6/2020,1240.00,1240.00,1240.00,1240.00,,-0.10
4/3/2020,1383.00,1383.00,1383.00,1383.00,,-0.01
4/2/2020,1402.00,1402.00,1402.00,1402.00,,0.00
4/1/2020,1406.00,1406.00,1406.00,1406.00,,0.01
3/31/2020,1394.00,1394.00,1394.00,1394.00,,0.03
3/30/2020,1348.00,1348.00,1348.00,1348.00,,0.10
3/27/2020,1230.00,1230.00,1230.00,1230.00,,0.11
3/26/2020,1111.00,1111.00,1111.00,1111.00,,0.04
3/25/2020,1068.00,1068.00,1068.00,1068.00,,0.03
3/24/2020,1041.00,1041.00,1041.00,1041.00,,-0.05
3/23/2020,1099.00,1099.00,1099.00,1099.00,,-0.06
3/20/2020,1166.00,1166.00,1166.00,1166.00,,-0.06
3/19/2020,1242.00,1242.00,1242.00,1242.00,,-0.10
3/18/2020,1379.00,1379.00,1379.00,1379.00,,-0.09
3/17/2020,1516.00,1516.00,1516.00,1516.00,,0.00
3/16/2020,1518.00,1518.00,1518.00,1518.00,,0.06
3/13/2020,1434.00,1434.00,1434.00,1434.00,,0.22
3/12/2020,1173.00,1173.00,1173.00,1173.00,,0.11
3/11/2020,1057.00,1057.00,1057.00,1057.00,,0.25
3/10/2020,848.00,848.00,848.00,848.00,,0.09
3/9/2020,778.00,778.00,778.00,778.00,,0.02
3/6/2020,764.00,764.00,764.00,764.00,,-0.04
3/5/2020,792.00,792.00,792.00,792.00,,-0.01
3/4/2020,796.00,796.00,796.00,796.00,,0.00
3/3/2020,796.00,796.00,796.00,796.00,,0.00
3/2/2020,796.00,796.00,796.00,796.00,,0.00
2/28/2020,796.00,796.00,796.00,796.00,,-0.01
2/27/2020,806.00,806.00,806.00,806.00,,-0.01
2/26/2020,817.00,817.00,817.00,817.00,,-0.04
2/25/2020,850.00,850.00,850.00,850.00,,-0.01
2/24/2020,862.00,862.00,862.00,862.00,,0.00
2/21/2020,865.00,865.00,865.00,865.00,,-0.01
2/20/2020,870.00,870.00,870.00,870.00,,0.00
2/19/2020,872.00,872.00,872.00,872.00,,0.00
2/18/2020,871.00,871.00,871.00,871.00,,0.00
2/17/2020,871.00,871.00,871.00,871.00,,0.01
2/14/2020,865.00,865.00,865.00,865.00,,0.01
2/13/2020,855.00,855.00,855.00,855.00,,0.01
2/12/2020,847.00,847.00,847.00,847.00,,0.01
2/11/2020,840.00,840.00,840.00,840.00,,0.03
2/10/2020,816.00,816.00,816.00,816.00,,0.02
2/7/2020,803.00,803.00,803.00,803.00,,0.01
2/6/2020,796.00,796.00,796.00,796.00,,0.00
2/5/2020,798.00,798.00,798.00,798.00,,-0.01
2/4/2020,803.00,803.00,803.00,803.00,,-0.06
2/3/2020,850.00,850.00,850.00,850.00,,-0.04
1/31/2020,882.00,882.00,882.00,882.00,,-0.06
1/30/2020,934.00,934.00,934.00,934.00,,-0.11
1/29/2020,1046.00,1046.00,1046.00,1046.00,,-0.04
1/28/2020,1093.00,1093.00,1093.00,1093.00,,-0.05
1/27/2020,1152.00,1152.00,1152.00,1152.00,,-0.03
1/24/2020,1190.00,1190.00,1190.00,1190.00,,-0.01
1/23/2020,1208.00,1208.00,1208.00,1208.00,,-0.02
1/22/2020,1237.00,1237.00,1237.00,1237.00,,0.01
1/21/2020,1227.00,1227.00,1227.00,1227.00,,0.00
1/20/2020,1226.00,1226.00,1226.00,1226.00,,-0.01
1/17/2020,1241.00,1241.00,1241.00,1241.00,,-0.05
1/16/2020,1305.00,1305.00,1305.00,1305.00,,-0.03
1/15/2020,1340.00,1340.00,1340.00,1340.00,,-0.04
1/14/2020,1396.00,1396.00,1396.00,1396.00,,-0.04
1/13/2020,1448.00,1448.00,1448.00,1448.00,,-0.02
1/10/2020,1473.00,1473.00,1473.00,1473.00,,-0.02
1/9/2020,1508.00,1508.00,1508.00,1508.00,,-0.01
1/8/2020,1520.00,1520.00,1520.00,1520.00,,0.01
1/7/2020,1509.00,1509.00,1509.00,1509.00,,0.01
1/6/2020,1500.00,1500.00,1500.00,1500.00,,-0.01
1/3/2020,1517.00,1517.00,1517.00,1517.00,,0.01
1/2/2020,1503.00,1503.00,1503.00,1503.00,,-0.06
